venue,year,award,tier,title,paper_url,source_url,checked_at,area,task,model_family,notes
CVPR,2026,Best Paper,primary,Efficiently Reconstructing Dynamic Scenes One D4RT at a Time,https://openaccess.thecvf.com/content/CVPR2026/html/Zhang_Efficiently_Reconstructing_Dynamic_Scenes_One_D4RT_at_a_Time_CVPR_2026_paper.html,https://www.thecvf.com/?page_id=413,2026-10-07,Computer Vision,3D Vision & Reconstruction,Transformer,
CVPR,2026,Best Student Paper,secondary,Native and Compact Structured Latents for 3D Generation,https://openaccess.thecvf.com/content/CVPR2026/html/Xiang_Native_and_Compact_Structured_Latents_for_3D_Generation_CVPR_2026_paper.html,https://cvpr.thecvf.com/Conferences/2026/News/Best_Papers,2026-10-07,Computer Vision,Generative Modeling,Neural Model,
CVPR,2026,Best Paper Honorable Mention,secondary,NitroGen: An Open Foundation Model for Generalist Gaming Agents,https://openaccess.thecvf.com/content/CVPR2026/html/Magne_NitroGen_An_Open_Foundation_Model_for_Generalist_Gaming_Agents_CVPR_2026_paper.html,https://cvpr.thecvf.com/Conferences/2026/News/Best_Papers,2026-10-07,Multimodal & Embodied AI,Reinforcement Learning & Planning,Transformer,
CVPR,2026,Best Paper Honorable Mention,secondary,SAM 3D: 3Dfy Anything in Images,https://openaccess.thecvf.com/content/CVPR2026/html/Chen_SAM_3D_3Dfy_Anything_in_Images_CVPR_2026_paper.html,https://cvpr.thecvf.com/Conferences/2026/News/Best_Papers,2026-10-07,Computer Vision,3D Vision & Reconstruction,Transformer; Neural Model,
CVPR,2026,Best Student Paper Honorable Mention,secondary,ChordEdit: One-Step Low-Energy Transport for Image Editing,https://openaccess.thecvf.com/content/CVPR2026/html/Lu_ChordEdit_One-Step_Low-Energy_Transport_for_Image_Editing_CVPR_2026_paper.html,https://cvpr.thecvf.com/Conferences/2026/News/Best_Papers,2026-10-07,Computer Vision,Image & Video Generation,Diffusion; Optimization,
CVPR,2025,Best Paper,primary,VGGT: Visual Geometry Grounded Transformer,https://openaccess.thecvf.com/content/CVPR2025/html/Wang_VGGT_Visual_Geometry_Grounded_Transformer_CVPR_2025_paper.html,https://www.thecvf.com/?page_id=413,2026-10-07,Computer Vision,3D Vision & Reconstruction,Transformer,
CVPR,2025,Best Student Paper,secondary,Neural Inverse Rendering from Propagating Light,https://openaccess.thecvf.com/content/CVPR2025/html/Malik_Neural_Inverse_Rendering_from_Propagating_Light_CVPR_2025_paper.html,https://cvpr.thecvf.com/Conferences/2025/BestPapersDemos,2026-10-07,Computer Vision,3D Vision & Reconstruction,Neural Model,
CVPR,2025,Best Paper Honorable Mention,secondary,"MegaSaM: Accurate, Fast and Robust Structure and Motion from Casual Dynamic Videos",https://openaccess.thecvf.com/content/CVPR2025/html/Li_MegaSaM_Accurate_Fast_and_Robust_Structure_and_Motion_from_Casual_CVPR_2025_paper.html,https://cvpr.thecvf.com/Conferences/2025/BestPapersDemos,2026-10-07,Computer Vision,3D Vision & Reconstruction,Neural Model,
CVPR,2025,Best Paper Honorable Mention,secondary,Navigation World Models,https://openaccess.thecvf.com/content/CVPR2025/html/Bar_Navigation_World_Models_CVPR_2025_paper.html,https://cvpr.thecvf.com/Conferences/2025/BestPapersDemos,2026-10-07,Multimodal & Embodied AI,Reinforcement Learning & Planning,Diffusion; Transformer; Search / Planning,
CVPR,2025,Best Paper Honorable Mention,secondary,Molmo and PixMo: Open Weights and Open Data for State-of-the-Art Vision-Language Models,https://openaccess.thecvf.com/content/CVPR2025/html/Deitke_Molmo_and_PixMo_Open_Weights_and_Open_Data_for_State-of-the-Art_CVPR_2025_paper.html,https://cvpr.thecvf.com/Conferences/2025/BestPapersDemos,2026-10-07,Multimodal & Embodied AI,Multimodal & Vision-Language,VLM; Transformer,
CVPR,2025,Best Paper Honorable Mention,secondary,3D Student Splatting and Scooping,https://openaccess.thecvf.com/content/CVPR2025/html/Zhu_3D_Student_Splatting_and_Scooping_CVPR_2025_paper.html,https://cvpr.thecvf.com/Conferences/2025/BestPapersDemos,2026-10-07,Computer Vision,3D Vision & Reconstruction,Neural Model,
CVPR,2025,Best Student Paper Honorable Mention,secondary,Generative Multimodal Pretraining with Discrete Diffusion Timestep Tokens,https://openaccess.thecvf.com/content/CVPR2025/html/Pan_Generative_Multimodal_Pretraining_with_Discrete_Diffusion_Timestep_Tokens_CVPR_2025_paper.html,https://cvpr.thecvf.com/Conferences/2025/BestPapersDemos,2026-10-07,Multimodal & Embodied AI,Multimodal & Vision-Language,Diffusion; VLM; Transformer,
CVPR,2024,Best Paper,primary,Generative Image Dynamics,https://openaccess.thecvf.com/content/CVPR2024/html/Li_Generative_Image_Dynamics_CVPR_2024_paper.html,https://www.thecvf.com/?page_id=413,2026-10-07,Computer Vision,Image & Video Generation,Diffusion,
CVPR,2024,Best Paper,primary,Rich Human Feedback for Text-to-Image Generation,https://openaccess.thecvf.com/content/CVPR2024/html/Liang_Rich_Human_Feedback_for_Text-to-Image_Generation_CVPR_2024_paper.html,https://www.thecvf.com/?page_id=413,2026-10-07,Computer Vision,Image & Video Generation,Diffusion; VLM,
CVPR,2024,Best Paper Honorable Mention,secondary,EventPS: Real-Time Photometric Stereo Using an Event Camera,https://openaccess.thecvf.com/content/CVPR2024/html/Yu_EventPS_Real-Time_Photometric_Stereo_Using_an_Event_Camera_CVPR_2024_paper.html,https://cvpr.thecvf.com/Conferences/2024/News/Awards,2026-10-07,Computer Vision,3D Vision & Reconstruction,Neural Model,
CVPR,2024,Best Paper Honorable Mention,secondary,pixelSplat: 3D Gaussian Splats from Image Pairs for Scalable Generalizable 3D Reconstruction,https://openaccess.thecvf.com/content/CVPR2024/html/Charatan_pixelSplat_3D_Gaussian_Splats_from_Image_Pairs_for_Scalable_Generalizable_CVPR_2024_paper.html,https://cvpr.thecvf.com/Conferences/2024/News/Awards,2026-10-07,Computer Vision,3D Vision & Reconstruction,Neural Model,
CVPR,2024,Best Student Paper,secondary,Mip-Splatting: Alias-free 3D Gaussian Splatting,https://openaccess.thecvf.com/content/CVPR2024/html/Yu_Mip-Splatting_Alias-free_3D_Gaussian_Splatting_CVPR_2024_paper.html,https://cvpr.thecvf.com/Conferences/2024/News/Awards,2026-10-07,Computer Vision,3D Vision & Reconstruction,Neural Model,
CVPR,2024,Best Student Paper,secondary,BioCLIP: A Vision Foundation Model for the Tree of Life,https://openaccess.thecvf.com/content/CVPR2024/html/Stevens_BioCLIP_A_Vision_Foundation_Model_for_the_Tree_of_Life_CVPR_2024_paper.html,https://cvpr.thecvf.com/Conferences/2024/News/Awards,2026-10-07,Computer Vision,Visual Recognition & Representation,VLM; Transformer,
CVPR,2024,Best Student Paper Honorable Mention,secondary,SpiderMatch: 3D Shape Matching with Global Optimality and Geometric Consistency,https://openaccess.thecvf.com/content/CVPR2024/html/Roetzer_SpiderMatch_3D_Shape_Matching_with_Global_Optimality_and_Geometric_Consistency_CVPR_2024_paper.html,https://cvpr.thecvf.com/Conferences/2024/News/Awards,2026-10-07,Computer Vision,3D Vision & Reconstruction,Optimization,
CVPR,2024,Best Student Paper Honorable Mention,secondary,Image Processing GNN: Breaking Rigidity in Super-Resolution,https://openaccess.thecvf.com/content/CVPR2024/html/Tian_Image_Processing_GNN_Breaking_Rigidity_in_Super-Resolution_CVPR_2024_paper.html,https://cvpr.thecvf.com/Conferences/2024/News/Awards,2026-10-07,Computer Vision,Image & Video Generation,GNN,
CVPR,2024,Best Student Paper Honorable Mention,secondary,Objects as Volumes: A Stochastic Geometry View of Opaque Solids,https://openaccess.thecvf.com/content/CVPR2024/html/Miller_Objects_as_Volumes_A_Stochastic_Geometry_View_of_Opaque_Solids_CVPR_2024_paper.html,https://cvpr.thecvf.com/Conferences/2024/News/Awards,2026-10-07,Computer Vision,3D Vision & Reconstruction,Probabilistic / Bayesian; Theory / Analysis,
CVPR,2024,Best Student Paper Honorable Mention,secondary,Comparing the Decision-Making Mechanisms by Transformers and CNNs via Explanation Methods,https://openaccess.thecvf.com/content/CVPR2024/html/Jiang_Comparing_the_Decision-Making_Mechanisms_by_Transformers_and_CNNs_via_Explanation_CVPR_2024_paper.html,https://cvpr.thecvf.com/Conferences/2024/News/Awards,2026-10-07,Computer Vision,Interpretability & Explainability,Transformer; CNN,
CVPR,2023,Best Paper,primary,Planning-Oriented Autonomous Driving,https://openaccess.thecvf.com/content/CVPR2023/html/Hu_Planning-Oriented_Autonomous_Driving_CVPR_2023_paper.html,https://www.thecvf.com/?page_id=413,2026-10-07,Multimodal & Embodied AI,Multimodal & Vision-Language,Search / Planning,
CVPR,2023,Best Paper,primary,Visual Programming: Compositional Visual Reasoning Without Training,https://openaccess.thecvf.com/content/CVPR2023/html/Gupta_Visual_Programming_Compositional_Visual_Reasoning_Without_Training_CVPR_2023_paper.html,https://www.thecvf.com/?page_id=413,2026-10-07,Multimodal & Embodied AI,Multimodal & Vision-Language,VLM; Search / Planning,
CVPR,2023,Best Paper Honorable Mention,secondary,DynIBaR: Neural Dynamic Image-Based Rendering,https://openaccess.thecvf.com/content/CVPR2023/html/Li_DynIBaR_Neural_Dynamic_Image-Based_Rendering_CVPR_2023_paper.html,https://cvpr.thecvf.com/Conferences/2023/Awards,2026-10-07,Computer Vision,3D Vision & Reconstruction,Neural Model,
CVPR,2023,Best Student Paper,secondary,3D Registration With Maximal Cliques,https://openaccess.thecvf.com/content/CVPR2023/html/Zhang_3D_Registration_With_Maximal_Cliques_CVPR_2023_paper.html,https://cvpr.thecvf.com/Conferences/2023/Awards,2026-10-07,Computer Vision,3D Vision & Reconstruction,Classical / Optimization,
CVPR,2023,Best Student Paper Honorable Mention,secondary,DreamBooth: Fine Tuning Text-to-Image Diffusion Models for Subject-Driven Generation,https://openaccess.thecvf.com/content/CVPR2023/html/Ruiz_DreamBooth_Fine_Tuning_Text-to-Image_Diffusion_Models_for_Subject-Driven_Generation_CVPR_2023_paper.html,https://cvpr.thecvf.com/Conferences/2023/Awards,2026-10-07,Computer Vision,Image & Video Generation,Diffusion,
CVPR,2022,Best Paper,primary,Learning To Solve Hard Minimal Problems,https://openaccess.thecvf.com/content/CVPR2022/html/Hruby_Learning_To_Solve_Hard_Minimal_Problems_CVPR_2022_paper.html,https://www.thecvf.com/?page_id=413,2026-10-07,Computer Vision,Optimization & Generalization,Optimization,
CVPR,2022,Best Student Paper,secondary,EPro-PnP: Generalized End-to-End Probabilistic Perspective-N-Points for Monocular Object Pose Estimation,https://openaccess.thecvf.com/content/CVPR2022/html/Chen_EPro-PnP_Generalized_End-to-End_Probabilistic_Perspective-N-Points_for_Monocular_Object_Pose_Estimation_CVPR_2022_paper.html,https://www.thecvf.com/?page_id=413,2026-10-07,Computer Vision,3D Vision & Reconstruction,Neural Model; Probabilistic / Bayesian,
CVPR,2022,Best Paper Honorable Mention,secondary,Dual-Shutter Optical Vibration Sensing,https://openaccess.thecvf.com/content/CVPR2022/html/Sheinin_Dual-Shutter_Optical_Vibration_Sensing_CVPR_2022_paper.html,https://www.thecvf.com/?page_id=413,2026-10-07,Computer Vision,Visual Recognition & Representation,Classical / Optimization,
CVPR,2022,Best Student Paper Honorable Mention,secondary,Ref-NeRF: Structured View-Dependent Appearance for Neural Radiance Fields,https://openaccess.thecvf.com/content/CVPR2022/html/Verbin_Ref-NeRF_Structured_View-Dependent_Appearance_for_Neural_Radiance_Fields_CVPR_2022_paper.html,https://www.thecvf.com/?page_id=413,2026-10-07,Computer Vision,3D Vision & Reconstruction,Neural Model; Representation Learning,
CVPR,2021,Best Paper,primary,GIRAFFE: Representing Scenes As Compositional Generative Neural Feature Fields,https://openaccess.thecvf.com/content/CVPR2021/html/Niemeyer_GIRAFFE_Representing_Scenes_As_Compositional_Generative_Neural_Feature_Fields_CVPR_2021_paper.html,https://www.thecvf.com/?page_id=413,2026-10-07,Computer Vision,Image & Video Generation,GAN,
CVPR,2021,Best Student Paper,secondary,Task Programming: Learning Data Efficient Behavior Representations,https://openaccess.thecvf.com/content/CVPR2021/html/Sun_Task_Programming_Learning_Data_Efficient_Behavior_Representations_CVPR_2021_paper.html,https://www.thecvf.com/?page_id=413,2026-10-07,Reinforcement Learning & Decision Making,Reinforcement Learning & Planning,Representation Learning; Neural Model,
CVPR,2021,Best Paper Honorable Mention,secondary,Exploring Simple Siamese Representation Learning,https://openaccess.thecvf.com/content/CVPR2021/html/Chen_Exploring_Simple_Siamese_Representation_Learning_CVPR_2021_paper.html,https://www.thecvf.com/?page_id=413,2026-10-07,General ML & Representation Learning,Representation Learning,Representation Learning; Neural Model,
CVPR,2021,Best Paper Honorable Mention,secondary,Learning High Fidelity Depths of Dressed Humans by Watching Social Media Dance Videos,https://openaccess.thecvf.com/content/CVPR2021/html/Jafarian_Learning_High_Fidelity_Depths_of_Dressed_Humans_by_Watching_Social_CVPR_2021_paper.html,https://www.thecvf.com/?page_id=413,2026-10-07,Computer Vision,3D Vision & Reconstruction,Neural Model,
CVPR,2021,Best Student Paper Honorable Mention,secondary,Less Is More: ClipBERT for Video-and-Language Learning via Sparse Sampling,https://openaccess.thecvf.com/content/CVPR2021/html/Lei_Less_Is_More_ClipBERT_for_Video-and-Language_Learning_via_Sparse_Sampling_CVPR_2021_paper.html,https://www.thecvf.com/?page_id=413,2026-10-07,Multimodal & Embodied AI,Multimodal & Vision-Language,Transformer; VLM,
CVPR,2021,Best Student Paper Honorable Mention,secondary,Binary TTC: A Temporal Geofence for Autonomous Navigation,https://openaccess.thecvf.com/content/CVPR2021/html/Badki_Binary_TTC_A_Temporal_Geofence_for_Autonomous_Navigation_CVPR_2021_paper.html,https://www.thecvf.com/?page_id=413,2026-10-07,Multimodal & Embodied AI,Reinforcement Learning & Planning,Search / Planning; Neural Model,
CVPR,2021,Best Student Paper Honorable Mention,secondary,Real-Time High-Resolution Background Matting,https://openaccess.thecvf.com/content/CVPR2021/html/Lin_Real-Time_High-Resolution_Background_Matting_CVPR_2021_paper.html,https://www.thecvf.com/?page_id=413,2026-10-07,Computer Vision,Visual Recognition & Representation,Neural Model,
CVPR,2020,Best Paper,primary,Unsupervised Learning of Probably Symmetric Deformable 3D Objects From Images in the Wild,https://openaccess.thecvf.com/content_CVPR_2020/papers/Wu_Unsupervised_Learning_of_Probably_Symmetric_Deformable_3D_Objects_From_Images_in_CVPR_2020_paper.pdf,https://www.thecvf.com/?page_id=413,2026-10-07,Computer Vision,3D Vision & Reconstruction,Neural Model,
CVPR,2020,Best Student Paper,secondary,BSP-Net: Generating Compact Meshes via Binary Space Partitioning,https://openaccess.thecvf.com/content_CVPR_2020/html/Chen_BSP-Net_Generating_Compact_Meshes_via_Binary_Space_Partitioning_CVPR_2020_paper.html,https://www.thecvf.com/?page_id=413,2026-10-07,Computer Vision,3D Vision & Reconstruction,Neural Model,
CVPR,2020,Best Student Paper Honorable Mention,secondary,DeepCap: Monocular Human Performance Capture Using Weak Supervision,https://openaccess.thecvf.com/content_CVPR_2020/papers/Habermann_DeepCap_Monocular_Human_Performance_Capture_Using_Weak_Supervision_CVPR_2020_paper.pdf,https://www.thecvf.com/?page_id=413,2026-10-07,Computer Vision,3D Vision & Reconstruction,Neural Model,
CVPR,2019,Best Paper,primary,A Theory of Fermat Paths for Non-Line-of-Sight Shape Reconstruction,https://openaccess.thecvf.com/content_CVPR_2019/html/Xin_A_Theory_of_Fermat_Paths_for_Non-Line-Of-Sight_Shape_Reconstruction_CVPR_2019_paper.html,https://www.thecvf.com/?page_id=413,2026-10-07,Computer Vision,3D Vision & Reconstruction,Theory / Analysis,
CVPR,2019,Best Student Paper,secondary,Reinforced Cross-Modal Matching and Self-Supervised Imitation Learning for Vision-Language Navigation,https://openaccess.thecvf.com/content_CVPR_2019/html/Wang_Reinforced_Cross-Modal_Matching_and_Self-Supervised_Imitation_Learning_for_Vision-Language_Navigation_CVPR_2019_paper.html,https://www.thecvf.com/?page_id=413,2026-10-07,Multimodal & Embodied AI,Reinforcement Learning & Planning,RL; Neural Model,
CVPR,2019,Best Paper Honorable Mention,secondary,A Style-Based Generator Architecture for Generative Adversarial Networks,https://openaccess.thecvf.com/content_CVPR_2019/html/Karras_A_Style-Based_Generator_Architecture_for_Generative_Adversarial_Networks_CVPR_2019_paper.html,https://www.thecvf.com/?page_id=413,2026-10-07,Computer Vision,Image & Video Generation,GAN,
CVPR,2019,Best Paper Honorable Mention,secondary,Learning the Depths of Moving People by Watching Frozen People,https://openaccess.thecvf.com/content_CVPR_2019/html/Li_Learning_the_Depths_of_Moving_People_by_Watching_Frozen_People_CVPR_2019_paper.html,https://www.thecvf.com/?page_id=413,2026-10-07,Computer Vision,3D Vision & Reconstruction,Neural Model,
CVPR,2018,Best Paper,primary,Taskonomy: Disentangling Task Transfer Learning,https://openaccess.thecvf.com/content_cvpr_2018/html/Zamir_Taskonomy_Disentangling_Task_CVPR_2018_paper.html,https://www.thecvf.com/?page_id=413,2026-10-07,Computer Vision,Representation Learning,Representation Learning,
CVPR,2018,Best Student Paper,secondary,"Total Capture: A 3D Deformation Model for Tracking Faces, Hands, and Bodies",https://openaccess.thecvf.com/content_cvpr_2018/html/Joo_Total_Capture_A_CVPR_2018_paper.html,https://www.thecvf.com/?page_id=413,2026-10-07,Computer Vision,3D Vision & Reconstruction,Neural Model,
CVPR,2018,Best Paper Honorable Mention,secondary,Deep Learning of Graph Matching,https://openaccess.thecvf.com/content_cvpr_2018/html/Zanfir_Deep_Learning_of_CVPR_2018_paper.html,https://www.thecvf.com/?page_id=413,2026-10-07,Computer Vision,Graph & Structured Learning,Neural Model,
CVPR,2018,Best Paper Honorable Mention,secondary,SPLATNet: Sparse Lattice Networks for Point Cloud Processing,https://openaccess.thecvf.com/content_cvpr_2018/html/Su_SPLATNet_Sparse_Lattice_CVPR_2018_paper.html,https://www.thecvf.com/?page_id=413,2026-10-07,Computer Vision,3D Vision & Reconstruction,Neural Model,
CVPR,2018,Best Paper Honorable Mention,secondary,"CodeSLAM — Learning a Compact, Optimisable Representation for Dense Visual SLAM",https://openaccess.thecvf.com/content_cvpr_2018/html/Bloesch_CodeSLAM_--_Learning_CVPR_2018_paper.html,https://www.thecvf.com/?page_id=413,2026-10-07,Computer Vision,3D Vision & Reconstruction,Neural Model; Representation Learning,
CVPR,2018,Best Paper Honorable Mention,secondary,Efficient Optimization for Rank-Based Loss Functions,https://openaccess.thecvf.com/content_cvpr_2018/papers/Mohapatra_Efficient_Optimization_for_CVPR_2018_paper.pdf,https://www.thecvf.com/?page_id=413,2026-10-07,ML Theory & Optimization,Optimization & Generalization,Optimization; Theory / Analysis,
CVPR,2017,Best Paper,primary,Densely Connected Convolutional Networks,https://openaccess.thecvf.com/content_cvpr_2017/html/Huang_Densely_Connected_Convolutional_CVPR_2017_paper.html,https://www.thecvf.com/?page_id=413,2026-10-07,Computer Vision,Visual Recognition & Representation,CNN,
CVPR,2017,Best Paper,primary,Learning from Simulated and Unsupervised Images through Adversarial Training,https://openaccess.thecvf.com/content_cvpr_2017/html/Shrivastava_Learning_From_Simulated_CVPR_2017_paper.html,https://www.thecvf.com/?page_id=413,2026-10-07,Computer Vision,Robustness & Domain Adaptation,GAN,
CVPR,2017,Best Paper Honorable Mention,secondary,Annotating Object Instances With a Polygon-RNN,https://openaccess.thecvf.com/content_cvpr_2017/html/Castrejon_Annotating_Object_Instances_CVPR_2017_paper.html,https://www.thecvf.com/?page_id=413,2026-10-07,Computer Vision,Visual Recognition & Representation,RNN,
CVPR,2017,Best Paper Honorable Mention,secondary,"YOLO9000: Better, Faster, Stronger",https://openaccess.thecvf.com/content_cvpr_2017/html/Redmon_YOLO9000_Better_Faster_CVPR_2017_paper.html,https://www.thecvf.com/?page_id=413,2026-10-07,Computer Vision,Visual Recognition & Representation,CNN,
CVPR,2017,Best Student Paper,secondary,Computational Imaging on the Electric Grid,https://openaccess.thecvf.com/content_cvpr_2017/html/Sheinin_Computational_Imaging_on_CVPR_2017_paper.html,https://www.thecvf.com/?page_id=413,2026-10-07,Computer Vision,3D Vision & Reconstruction,Classical / Optimization,
CVPR,2016,Best Paper,primary,Deep Residual Learning for Image Recognition,https://openaccess.thecvf.com/content_cvpr_2016/html/He_Deep_Residual_Learning_CVPR_2016_paper.html,https://www.thecvf.com/?page_id=413,2026-10-07,Computer Vision,Visual Recognition & Representation,CNN,
CVPR,2016,Best Paper Honorable Mention,secondary,Sublabel-Accurate Relaxation of Nonconvex Energies,https://openaccess.thecvf.com/content_cvpr_2016/html/Mollenhoff_Sublabel-Accurate_Relaxation_of_CVPR_2016_paper.html,https://www.thecvf.com/?page_id=413,2026-10-07,Computer Vision,Optimization & Generalization,Optimization,
CVPR,2016,Best Student Paper,secondary,Structural-RNN: Deep Learning on Spatio-Temporal Graphs,https://openaccess.thecvf.com/content_cvpr_2016/papers/Jain_Structural-RNN_Deep_Learning_CVPR_2016_paper.pdf,https://www.thecvf.com/?page_id=413,2026-10-07,Computer Vision,Visual Recognition & Representation,RNN,
